transaction_id,property_id,buyer_owner_id,seller_owner_id,transaction_date,sale_price,mortgage_flag,mortgage_amount,status,created_at
TXN000001,PROP00148,OWN0099,OWN0121,2023-10-18,968130.57,1,540102.85,Cancelled,2023-11-06
TXN000002,PROP00182,OWN0061,OWN0110,2024-10-10,690527.96,1,500148.29,Registered,2024-10-25
TXN000003,PROP00002,OWN0111,OWN0008,2024-12-06,269001.01,1,220024.4,Cancelled,2024-12-22
TXN000004,PROP00084,OWN0169,OWN0040,2025-06-23,474450.05,1,331132.44,Cancelled,2025-07-12
TXN000005,PROP00163,OWN0042,OWN0109,2022-10-03,446479.81,0,0.0,Cancelled,2022-10-10
TXN000006,PROP00193,OWN0033,OWN0059,2022-03-27,539439.04,0,0.0,Pending,2022-04-09
TXN000007,PROP00024,OWN0092,OWN0177,2023-11-08,656474.5,0,0.0,Registered,2023-11-19
TXN000008,PROP00258,OWN0095,OWN0145,2024-12-14,997154.18,1,805224.35,Registered,2024-12-25
TXN000009,PROP00172,OWN0035,OWN0131,2024-09-18,865685.59,0,0.0,Pending,2024-10-13
TXN000010,PROP102496,OWN0177,OWN0063,2025-10-28,792366.56,1,475937.48,Cancelled,2025-11-01
TXN000011,PROP00078,OWN0132,OWN0040,2024-04-04,797718.72,1,710478.81,Pending,2024-04-20
TXN000012,PROP00098,OWN0044,OWN0121,2023-04-06,848249.63,1,614461.39,Pending,2023-04-10
TXN000013,PROP00108,OWN0144,OWN0172,2025-05-18,924411.81,0,0.0,Registered,2025-05-25
TXN000014,PROP00072,OWN0074,OWN0164,2022-01-12,338153.75,1,235742.94,Registered,2022-02-02
TXN000015,PROP00183,OWN0057,OWN0010,2025-06-04,-227288.08,0,0.0,Registered,2025-06-10
TXN000016,PROP00188,OWN0131,OWN0082,2025-04-12,852993.56,0,0.0,Registered,2025-04-27
TXN000017,PROP00065,OWN0047,OWN0057,2025-10-03,974498.75,1,669405.26,Cancelled,2025-10-08
TXN000018,PROP00208,OWN0101,OWN0087,2024-07-06,861408.02,1,387422.41,Pending,2024-08-01
TXN000019,PROP00061,OWN0119,OWN0129,2022-04-02,552441.5,0,0.0,Cancelled,2022-04-26
TXN000020,PROP00171,OWN0142,OWN0022,2022-04-15,523642.95,0,0.0,Registered,2022-04-17
TXN000021,PROP00096,OWN0078,OWN0140,2025-02-28,1136012.29,1,587700.2,Pending,2025-03-28
TXN000022,PROP00243,OWN0180,OWN0072,2024-05-06,1227245.31,0,0.0,Cancelled,2024-05-17
TXN000023,PROP00186,OWN0123,OWN9301,2022-10-04,706141.25,1,547088.22,Cancelled,2022-10-13
TXN000024,PROP00162,OWN0167,OWN0122,2025-07-21,669138.19,1,339778.57,Registered,2025-08-04
TXN000025,PROP00224,OWN0157,OWN0155,2023-01-02,520719.92,0,0.0,Cancelled,2023-01-04
TXN000026,PROP00213,OWN0168,OWN0152,2022-12-25,206842.5,0,0.0,Registered,2022-12-31
TXN000027,PROP00090,OWN0081,OWN0140,2022-11-04,188370.65,1,112106.55,Registered,2022-12-02
TXN000028,PROP00121,OWN0115,OWN0163,2023-10-21,868683.39,0,0.0,Cancelled,2023-10-26
TXN000029,PROP00016,OWN0102,OWN0009,2024-09-11,592015.76,0,0.0,Registered,2024-10-04
TXN000030,PROP00250,OWN0077,OWN0090,2022-12-17,602694.41,0,0.0,Registered,2023-01-13
TXN000031,PROP00085,OWN0141,OWN0163,2022-04-16,786687.91,1,603814.61,Registered,2022-04-17
TXN000032,PROP00201,OWN0136,OWN0105,2022-01-02,598731.71,0,0.0,Pending,2022-01-25
TXN000033,PROP00225,OWN0155,OWN0041,2024-03-22,547083.95,1,402649.56,Registered,2024-03-24
TXN000034,PROP00206,OWN0154,OWN9037,2024-01-31,917171.79,0,0.0,Registered,2024-02-28
TXN000035,PROP00085,OWN0178,OWN0123,2022-11-21,680159.95,1,304065.27,Cancelled,2022-12-10
TXN000036,PROP00018,OWN0134,OWN0118,2025-10-16,-545882.83,1,-314347.28,Pending,2025-11-14
TXN000037,PROP00216,OWN0083,OWN9817,2023-02-25,616577.74,1,289484.81,Registered,2023-03-10
TXN000038,PROP00078,OWN0090,OWN0100,2022-01-24,651495.91,0,0.0,Registered,2022-01-27
TXN000039,PROP00059,OWN0146,OWN0035,2025-09-09,411018.9,0,0.0,Registered,2025-09-12
TXN000040,PROP00100,OWN0030,OWN0093,2023-02-11,330509.66,0,0.0,Cancelled,2023-02-19
TXN000041,PROP00198,OWN0105,OWN0089,2025-11-08,742426.0,0,0.0,Registered,2025-12-06
TXN000042,PROP00082,OWN0089,OWN0108,2025-05-14,831531.0,1,411910.17,Cancelled,2025-05-18
TXN000043,PROP00060,OWN0013,OWN0148,2022-01-16,1034148.33,0,0.0,Pending,2022-02-13
TXN000044,PROP00124,OWN0040,OWN0142,2025-11-14,382517.81,0,0.0,Registered,2025-11-17
TXN000004,PROP00246,OWN0157,OWN0038,2022-05-26,956381.5,0,0.0,Pending,2022-06-18
TXN000046,PROP00144,OWN0111,OWN0039,2024-06-25,708369.44,0,0.0,Pending,2024-07-08
TXN000047,PROP00167,OWN0125,OWN0141,2023-07-16,805935.08,1,593122.92,Cancelled,2023-07-20
TXN000048,PROP00071,OWN0108,OWN0166,2023-08-13,969884.31,0,0.0,Registered,2023-08-18
TXN000049,PROP00200,OWN0002,OWN0165,2023-05-09,999047.04,0,0.0,Registered,2023-05-28
TXN000050,PROP00209,OWN0146,OWN0099,2025-07-06,759400.61,1,632685.42,Cancelled,2025-07-21
TXN000051,PROP00125,OWN0040,OWN0048,2022-12-27,674714.61,1,582592.57,Registered,2023-01-25
TXN000052,PROP00162,OWN0169,OWN0103,2024-08-29,872164.36,1,569512.64,Registered,2024-09-27
TXN000053,PROP00036,OWN0025,OWN0073,2022-04-08,296709.02,0,0.0,Registered,2022-05-03
TXN000054,PROP00191,OWN0070,OWN0007,2022-08-20,829283.94,0,0.0,Pending,2022-09-11
TXN000055,PROP00144,OWN0098,OWN9594,2024-06-13,776032.07,1,441046.5,Pending,2024-06-20
TXN000056,PROP00119,OWN0040,OWN9030,2022-02-22,882555.1,0,0.0,Cancelled,2022-03-01
TXN000057,PROP00018,,OWN0078,2023-12-26,589839.28,0,0.0,Pending,2024-01-04
TXN000058,PROP00020,OWN0107,OWN0093,2023-03-02,591471.61,1,403082.65,Registered,2023-03-15
TXN000059,PROP00259,OWN0103,OWN0025,2025-01-24,709510.98,0,0.0,Pending,2025-02-15
TXN000060,PROP00100,OWN0009,OWN0055,2022-02-14,722078.45,1,534833.66,Pending,2022-03-03
TXN000061,PROP00079,OWN0130,OWN0059,2025-04-29,387393.97,0,0.0,Registered,2025-05-21
TXN000062,PROP00130,OWN0111,OWN0145,2026-03-15,610452.31,0,0.0,Registered,2026-03-29
TXN000063,PROP00012,OWN0041,OWN0006,2022-12-09,660780.96,0,0.0,Cancelled,2022-12-21
TXN000064,PROP00141,OWN0072,OWN0176,2023-02-25,963464.11,0,0.0,Pending,2023-03-05
TXN000065,PROP00072,OWN0048,OWN0122,2024-02-11,951230.03,0,0.0,Pending,2024-02-17
TXN000066,PROP00248,OWN0095,OWN0072,2023-09-26,646676.23,1,506263.13,Registered,2023-10-03
TXN000067,PROP00204,OWN0157,OWN0135,2022-04-01,672879.93,1,284089.0,Pending,2022-04-10
TXN000068,PROP00069,OWN0107,OWN0171,2026-09-04,723270.41,1,361257.92,Registered,2026-09-08
TXN000069,PROP00208,OWN0023,OWN0088,2024-07-11,1059819.88,0,0.0,Pending,2024-08-01
TXN000070,PROP00231,OWN0103,OWN0122,2022-11-01,825181.75,0,0.0,Registered,2022-11-04
TXN000071,PROP00116,OWN0123,OWN0153,2022-04-03,654292.2,0,0.0,Pending,2022-04-23
TXN000072,PROP00152,OWN0027,OWN0140,2024-03-21,906510.6,1,434458.82,Cancelled,2024-03-27
TXN000073,PROP00029,OWN0007,OWN0113,2023-05-17,372238.64,1,215885.88,Pending,2023-05-20
TXN000074,PROP00050,OWN0059,OWN0089,2022-01-03,836516.96,0,0.0,Pending,2022-01-08
TXN000075,PROP00223,OWN0043,OWN0169,2025-03-27,929586.06,0,0.0,Registered,2025-04-12
TXN000076,PROP00139,OWN0014,OWN0175,2022-02-07,944057.21,0,0.0,Cancelled,2022-03-03
TXN000077,PROP00134,OWN0106,OWN0154,2023-09-08,479219.71,0,0.0,Pending,2023-10-02
TXN000078,PROP00097,OWN0107,OWN0097,2025-06-30,370024.05,1,315797.47,Registered,2025-07-27
TXN000079,PROP00141,OWN0117,OWN0113,2022-02-10,941840.49,0,0.0,Registered,2022-03-07
TXN000080,PROP00173,OWN0046,OWN0114,2024-08-04,676100.93,1,364468.01,Registered,2024-08-17
TXN000081,PROP00053,OWN0097,OWN0056,2023-05-06,541396.22,1,470980.09,Cancelled,2023-05-25
TXN000082,PROP00033,OWN0103,OWN0100,2024-01-08,697742.1,1,462188.27,Pending,2024-02-02
TXN000083,PROP00010,OWN0038,OWN0165,2022-06-28,659647.32,1,400828.56,Registered,2022-07-17
TXN000084,PROP00158,OWN0022,OWN0004,2023-04-14,793022.13,1,371751.47,Registered,2023-05-05
TXN000085,PROP00221,OWN0140,OWN0115,2022-06-10,1459776.54,0,0.0,Cancelled,2022-06-26
TXN000086,PROP00035,OWN0172,OWN0077,2023-05-07,1447921.28,1,1075510.3,Cancelled,2023-05-20
TXN000087,PROP00004,OWN0030,OWN0025,2024-08-22,668303.78,0,0.0,Pending,2024-09-06
TXN000088,PROP00018,OWN0126,OWN0036,2023-10-14,835996.66,0,0.0,Pending,2023-10-16
TXN000089,PROP00103,OWN0090,OWN0175,2025-11-24,229701.98,1,105649.03,Cancelled,2025-11-30
TXN000090,PROP00247,,OWN0137,2023-03-03,622554.82,1,513418.33,Cancelled,2023-04-01
TXN000091,PROP00208,OWN0022,OWN0080,2024-09-21,143548.94,1,115577.81,Registered,2024-09-24
TXN000092,PROP00008,OWN0091,OWN0093,2025-05-05,1125691.24,1,621894.51,Cancelled,2025-05-30
TXN000093,PROP00069,OWN0108,OWN0026,2023-10-08,673765.31,0,0.0,Registered,2023-10-10
TXN000094,PROP00021,OWN0055,OWN0147,2024-05-29,742359.76,1,324055.36,Pending,2024-06-07
TXN000095,PROP00249,OWN0168,OWN0154,2023-05-17,722687.25,1,313985.55,Cancelled,2023-06-14
TXN000096,PROP00028,OWN0057,OWN0160,2022-06-09,453136.4,0,0.0,Pending,2022-06-14
TXN000097,PROP00246,OWN0163,OWN0164,2025-12-01,804166.91,0,0.0,Registered,2025-12-12
TXN000098,PROP00133,OWN0086,OWN0074,2022-04-05,445349.92,0,0.0,Pending,2022-05-04
TXN000099,PROP00170,OWN9323,OWN0015,2024-08-26,1356042.64,1,705804.71,Pending,2024-09-16
TXN000100,PROP00114,OWN0048,OWN0029,2022-08-17,822745.02,1,432191.61,Pending,2022-08-26
TXN000101,PROP00050,OWN0084,OWN0017,2024-11-12,811340.52,1,531783.87,Cancelled,2024-12-01
TXN000102,PROP00206,OWN0006,OWN0016,2022-07-06,706847.28,1,609532.16,Registered,2022-07-25
TXN000103,PROP00209,OWN0119,OWN0014,2023-07-05,556474.21,1,487866.57,Registered,2023-07-19
TXN000104,PROP00110,OWN0021,OWN0175,2025-05-09,777044.69,0,0.0,Pending,2025-06-05
TXN000105,PROP00142,,OWN0032,2022-09-20,364383.99,1,278620.98,Cancelled,2022-10-16
TXN000106,PROP00020,OWN0096,OWN0018,2024-07-14,656112.6,0,0.0,Pending,2024-07-18
TXN000107,PROP00144,OWN0077,OWN0140,2024-10-10,502115.01,0,0.0,Registered,2024-10-12
TXN000108,PROP00202,OWN0037,OWN0082,2023-04-28,770799.04,0,0.0,Cancelled,2023-05-19
TXN000109,PROP00093,OWN0170,OWN0122,2025-08-23,872686.99,0,0.0,Pending,2025-08-24
TXN000110,PROP00053,,OWN0109,2024-02-03,469716.08,1,277836.58,Registered,2024-02-04
TXN000111,PROP00101,OWN0001,OWN0123,2026-10-03,619280.47,1,269723.71,Registered,2026-10-22
TXN000112,PROP00121,OWN0024,OWN0033,2023-08-22,144027.17,1,108512.89,Registered,2023-09-07
TXN000113,PROP00249,OWN0099,OWN0049,2024-04-13,623640.61,0,0.0,Pending,2024-05-12
TXN000114,PROP00096,OWN0026,OWN0016,2024-06-29,863508.27,1,396125.65,Cancelled,2024-07-24
TXN000115,PROP00039,OWN0157,OWN0096,2024-10-17,1101878.57,1,826007.19,Pending,2024-10-18
TXN000116,PROP00078,OWN0011,OWN0173,2023-04-07,460003.96,1,234236.62,Registered,2023-04-07
TXN000117,PROP00100,OWN0180,OWN0178,2024-04-14,1079546.78,1,900425.59,Cancelled,2024-05-03
TXN000118,PROP00192,OWN0058,OWN0123,2026-01-04,689788.19,0,0.0,Pending,2026-01-09
TXN000119,PROP00155,OWN0178,OWN0035,2024-03-07,373772.36,1,202422.98,Pending,2024-03-28
TXN000120,PROP00150,OWN0130,OWN0127,2025-08-08,525989.36,0,0.0,Cancelled,2025-08-09
TXN000121,PROP00007,OWN0023,OWN0003,2022-01-12,819926.83,1,575895.58,Registered,2022-01-17
TXN000122,PROP00241,OWN0059,OWN0050,2025-05-15,189376.7,0,0.0,Cancelled,2025-05-29
TXN000032,PROP00197,OWN0050,OWN0016,2022-12-16,728886.21,1,517391.63,Cancelled,2022-12-16
TXN000124,PROP00072,OWN0041,OWN0049,2023-04-29,409954.7,0,0.0,Registered,2023-04-30
TXN000125,PROP00204,OWN0089,OWN0065,2025-11-10,875891.98,1,406162.79,Pending,2025-11-12
TXN000126,PROP00103,OWN0056,OWN0022,2025-11-25,850211.41,0,0.0,Cancelled,2025-12-02
TXN000127,PROP00214,OWN0128,OWN0132,2023-04-16,623941.61,0,0.0,Cancelled,2023-05-09
TXN000128,PROP00033,OWN0065,OWN0113,2023-10-10,389475.22,0,0.0,Pending,2023-10-16
TXN000129,PROP00014,OWN0110,OWN0043,2024-02-12,59805.94,1,29933.36,Pending,2024-02-16
TXN000130,PROP00225,OWN0125,OWN0052,2026-12-02,837282.69,0,0.0,Pending,2026-12-29
TXN000131,PROP00206,OWN0157,OWN0116,2022-12-06,1263833.96,0,0.0,Cancelled,2022-12-10
TXN000132,PROP00146,OWN0058,OWN0138,2022-01-04,473601.55,0,0.0,Registered,2022-01-08
TXN000133,PROP00041,OWN0098,OWN0125,2025-04-21,259486.74,1,142949.36,Pending,2025-05-15
TXN000134,PROP00108,OWN0004,OWN0140,2025-09-29,593951.9,0,0.0,Pending,2025-10-25
TXN000135,PROP00065,OWN0142,OWN0063,2024-09-07,452920.04,0,0.0,Registered,2024-09-19
TXN000136,PROP00055,OWN0046,OWN0078,2022-09-06,836560.52,0,0.0,Pending,2022-09-17
TXN000137,PROP00139,OWN0061,OWN0071,2023-08-22,685590.12,0,0.0,Registered,2023-09-16
TXN000138,PROP00077,OWN0120,OWN0111,2026-02-03,1135227.24,1,1362272.6879999998,Pending,2026-02-17
TXN000139,PROP00160,OWN0154,OWN0003,2025-02-01,1122243.27,1,517362.53,Pending,2025-02-18
TXN000140,PROP00219,OWN0034,OWN0004,2023-03-24,800966.43,0,0.0,Cancelled,2023-04-22
TXN000141,PROP00238,OWN0074,OWN0084,2022-06-21,670926.5,1,315815.6,Cancelled,2022-06-23
TXN000142,PROP00037,OWN0014,OWN0065,2026-01-24,158855.09,1,190626.10799999998,Pending,2026-02-03
TXN000143,PROP00091,OWN0029,OWN0058,2025-02-28,1361990.97,0,0.0,Cancelled,2025-03-29
TXN000144,PROP00199,OWN0131,OWN0024,2023-10-18,716872.22,0,0.0,Cancelled,2023-11-12
TXN000145,PROP00136,OWN0175,OWN0080,2022-04-23,917122.7,0,0.0,Registered,2022-04-28
TXN000146,PROP00024,OWN0027,OWN0018,2022-11-19,636737.41,1,453065.81,Cancelled,2022-11-24
TXN000147,PROP00075,OWN0060,OWN0035,2024-11-15,927205.36,0,0.0,Pending,2024-12-09
TXN000148,PROP00040,OWN0073,OWN0034,2025-02-03,743736.38,0,0.0,Cancelled,2025-02-22
TXN000149,PROP00015,OWN0117,OWN0082,2023-05-12,990205.94,1,564597.49,Pending,2023-06-10
TXN000150,PROP00070,,OWN0128,2022-10-16,798185.78,1,656273.75,Registered,2022-10-22
TXN000151,PROP00116,OWN0088,OWN0013,2023-09-18,978688.46,0,0.0,Pending,2023-10-01
TXN000152,PROP00252,OWN0148,OWN0034,2026-01-28,640254.62,0,0.0,Cancelled,2026-01-29
TXN000153,PROP00004,OWN0113,OWN0078,2022-07-18,835941.37,0,0.0,Registered,2022-07-26
TXN000154,PROP00025,OWN0064,OWN0104,2024-12-28,917845.84,1,608031.74,Cancelled,2025-01-26
TXN000155,PROP00235,OWN0166,OWN0082,2023-07-15,782418.59,0,0.0,Cancelled,2023-07-28
TXN000156,PROP00081,OWN0117,OWN0083,2022-10-07,731476.11,0,0.0,Pending,2022-10-23
TXN000157,PROP00042,OWN0171,OWN0014,2024-08-15,546835.89,1,405150.63,Registered,2024-08-22
TXN000158,PROP00236,OWN0019,OWN0001,2022-11-11,924641.95,0,0.0,Pending,2022-12-08
TXN000159,PROP00250,OWN0009,OWN0022,2023-08-31,597316.49,1,389377.58,Pending,2023-09-01
TXN000071,PROP00128,OWN0111,OWN0116,2026-03-12,830978.52,0,0.0,Cancelled,2026-03-26
TXN000161,PROP00164,OWN0152,OWN0005,2023-08-20,1375384.26,0,0.0,Registered,2023-09-18
TXN000162,PROP00144,OWN9683,OWN0030,2026-02-07,1063436.6,0,0.0,Registered,2026-02-12
TXN000163,PROP00097,OWN0037,OWN0040,2022-11-10,329890.7,0,0.0,Pending,2022-11-16
TXN000164,PROP00213,OWN0040,OWN9221,2022-12-21,722077.22,1,528886.79,Cancelled,2022-12-29
TXN000165,PROP00115,OWN0149,OWN0046,2024-06-30,1008450.29,1,1210140.348,Pending,2024-07-22
TXN000166,PROP00231,OWN0113,OWN0111,2025-08-11,636400.7,0,0.0,Cancelled,2025-08-12
TXN000167,PROP00233,OWN0094,OWN0089,2025-04-23,931447.0,0,0.0,Registered,2025-05-01
TXN000168,PROP00042,OWN0004,OWN0158,2023-06-09,265385.31,0,0.0,Registered,2023-06-22
TXN000169,PROP00034,OWN0025,OWN0054,2024-04-11,1462943.0,0,0.0,Pending,2024-04-14
TXN000170,PROP00009,OWN0129,OWN0001,2024-02-24,1198039.39,1,611526.53,Cancelled,2024-03-03
TXN000171,PROP00157,OWN0111,OWN0049,2024-01-19,315253.85,1,160261.24,Pending,2024-01-20
TXN000172,PROP00259,OWN0026,OWN0014,2026-01-24,837305.79,0,0.0,Pending,2026-02-04
TXN000173,PROP00111,OWN0074,OWN0140,2023-05-28,572205.06,1,409420.77,Pending,2023-06-23
TXN000174,PROP00075,OWN0051,OWN0109,2024-04-11,545197.87,1,396793.41,Pending,2024-05-05
TXN000175,PROP00198,OWN0078,OWN0152,2022-12-23,529121.59,0,0.0,Cancelled,2022-12-24
TXN000176,PROP00040,OWN9011,OWN0068,2023-07-10,883959.21,0,0.0,Registered,2023-08-06
TXN000177,PROP00028,OWN0153,OWN0018,2025-04-14,661944.67,1,474318.35,Registered,2025-04-18
TXN000178,PROP00249,OWN0153,OWN0095,2025-12-10,408257.3,0,0.0,Pending,2025-12-24
TXN000179,PROP00086,OWN0105,OWN0147,2025-02-24,629319.1,1,419056.93,Cancelled,2025-03-18
TXN000180,PROP00040,OWN0179,OWN0002,2024-03-13,800125.52,1,563767.91,Pending,2024-04-08
TXN000181,PROP00105,,OWN0040,2022-02-08,812796.3,1,684583.77,Registered,2022-02-14
TXN000182,PROP00187,OWN0008,OWN0111,2024-08-17,1011865.57,0,0.0,Pending,2024-09-15
TXN000183,PROP00132,OWN0073,OWN0146,2025-05-10,285524.64,1,134898.14,Registered,2025-06-08
TXN000184,PROP00179,OWN0028,OWN0154,2024-06-15,1013792.3,0,0.0,Pending,2024-07-14
TXN000185,PROP00045,OWN0079,OWN0039,2024-12-11,786184.07,0,0.0,Registered,2025-01-04
TXN000186,PROP00257,OWN0069,OWN0042,2024-06-28,177786.03,0,0.0,Registered,2024-07-22
TXN000187,PROP00078,OWN0058,OWN0159,2024-07-10,821389.59,0,0.0,Cancelled,2024-07-20
TXN000188,PROP00058,OWN0064,OWN0150,2025-10-21,732932.57,0,0.0,Registered,2025-11-07
TXN000189,PROP00097,OWN0142,OWN0003,2023-05-12,798530.7,0,0.0,Registered,2023-05-26
TXN000190,PROP00124,OWN0154,OWN0060,2022-12-08,518044.7,0,0.0,Pending,2022-12-25
TXN000191,PROP00006,OWN0156,OWN0033,2023-09-23,0.0,0,0.0,Pending,2023-10-02
TXN000192,PROP00180,OWN0114,OWN0163,2025-11-10,249858.24,1,189446.66,Cancelled,2025-12-08
TXN000193,PROP00150,OWN9048,OWN0052,2024-06-01,649081.87,0,0.0,Cancelled,2024-06-01
TXN000194,PROP00001,OWN0041,OWN0065,2024-03-06,543982.51,0,0.0,Cancelled,2024-03-14
TXN000195,PROP00128,OWN0051,OWN0148,2024-08-19,541761.78,0,0.0,Cancelled,2024-08-19
TXN000196,PROP00073,OWN0026,OWN0087,2023-11-08,844748.6,1,389713.56,Registered,2023-12-04
TXN000197,PROP00258,OWN0007,OWN0087,2026-01-02,729505.51,1,439536.82,Cancelled,2026-01-26
TXN000198,PROP00036,OWN0034,OWN0122,2022-06-11,535972.56,1,350898.52,Cancelled,2022-07-01
TXN000199,PROP00259,OWN0145,OWN0086,2023-06-13,723101.68,0,0.0,Pending,2023-06-25
TXN000200,PROP00130,OWN0029,OWN0071,2022-07-30,1000537.05,0,0.0,Registered,2022-08-13
TXN000201,PROP00021,OWN0173,OWN0155,2023-05-06,492336.53,0,0.0,Pending,2023-05-15
TXN000202,PROP00132,OWN0169,OWN0122,2025-03-23,434139.91,0,0.0,Cancelled,2025-03-31
TXN000203,PROP00246,OWN0170,OWN0043,2022-09-03,267392.93,1,146337.38,Registered,2022-09-03
TXN000204,PROP00201,OWN0119,OWN0016,2023-01-12,747686.41,0,0.0,Pending,2023-02-04
TXN000205,PROP00177,OWN0133,OWN0121,2022-03-03,476709.37,0,0.0,Cancelled,2022-03-16
TXN000206,PROP00050,OWN0153,OWN0027,2024-11-11,606372.9,0,0.0,Cancelled,2024-11-12
TXN000207,PROP00171,OWN0065,OWN0098,2024-12-21,820662.06,0,0.0,Registered,2025-01-08
TXN000208,PROP00258,OWN0159,OWN0109,2023-12-24,490528.96,0,0.0,Pending,2024-01-19
TXN000209,PROP00222,OWN0094,OWN0160,2023-04-19,994178.76,1,505241.43,Registered,2023-05-13
TXN000210,PROP00205,OWN0086,OWN0139,2023-03-10,856031.86,1,761170.78,Registered,2023-04-06
TXN000211,PROP00147,OWN0157,OWN0096,2023-04-14,548099.25,1,419117.92,Pending,2023-05-06
TXN000212,PROP00027,OWN0026,OWN0149,2023-05-17,520947.14,0,0.0,Registered,2023-05-17
TXN000213,PROP00148,,OWN0149,2025-03-24,520738.94,1,323616.88,Registered,2025-04-04
TXN000214,PROP00113,OWN0045,OWN0163,2025-05-29,713128.21,1,381716.0,Pending,2025-06-20
TXN000215,PROP00245,,OWN0075,2022-09-22,508285.24,1,219460.63,Pending,2022-09-27
TXN000216,PROP00258,OWN0054,OWN0007,2025-01-14,772121.61,1,673475.68,Registered,2025-01-15
TXN000217,PROP00027,OWN0081,OWN0086,2025-11-01,-668119.2,0,0.0,Registered,2025-11-11
TXN000218,PROP00157,OWN0088,OWN0165,2023-09-11,1238634.07,1,685125.39,Registered,2023-10-06
TXN000219,PROP00182,OWN0083,OWN0042,2022-06-19,637678.07,1,426347.46,Registered,2022-06-29
TXN000220,PROP00256,OWN0168,OWN0006,2022-11-19,1137146.6,1,975242.95,Pending,2022-12-01
TXN000221,PROP105956,OWN0152,OWN0140,2023-11-11,910188.52,0,0.0,Pending,2023-11-13
TXN000222,PROP00111,OWN0153,OWN0045,2025-02-24,961078.89,0,0.0,Pending,2025-03-16
TXN000223,PROP00051,OWN0151,OWN0166,2022-09-22,557075.79,1,251018.2,Pending,2022-10-14
TXN000224,PROP00250,OWN0141,OWN0001,2023-06-04,804031.38,0,0.0,Cancelled,2023-06-29
TXN000225,PROP00117,OWN0050,OWN0003,2025-06-30,668085.85,0,0.0,Registered,2025-07-17
TXN000226,PROP00175,OWN0179,OWN0049,2024-10-13,678107.89,0,0.0,Registered,2024-11-09
TXN000227,PROP00102,OWN0139,OWN0079,2022-04-11,619517.05,1,262404.16,Pending,2022-05-08
TXN000228,PROP00050,OWN0010,OWN0076,2023-02-21,1216285.49,1,492837.73,Registered,2023-03-02
TXN000229,PROP00113,OWN0056,OWN0145,2022-03-30,591813.69,1,447235.34,Cancelled,2022-04-04
TXN000230,PROP00057,OWN0006,OWN0022,2026-01-26,1059145.33,1,659265.44,Pending,2026-02-08
TXN000231,PROP00220,OWN0088,OWN0068,2022-11-01,353412.09,0,0.0,Registered,2022-11-30
TXN000232,PROP00080,OWN0056,OWN0090,2024-08-03,487486.41,0,0.0,Cancelled,2024-08-19
TXN000233,PROP00069,OWN0174,OWN0138,2026-12-07,807748.22,1,633811.74,Cancelled,2026-12-09
TXN000234,PROP00065,OWN0113,OWN0126,2024-03-12,1367206.08,0,0.0,Pending,2024-04-06
TXN000235,PROP00042,OWN0048,OWN0157,2024-03-25,313408.18,0,0.0,Cancelled,2024-04-17
TXN000236,PROP00260,OWN0085,OWN0147,2022-10-25,576473.17,1,461308.19,Registered,2022-11-23
TXN000237,PROP00076,OWN0009,OWN0080,2024-01-04,533783.03,0,0.0,Cancelled,2024-02-01
TXN000238,PROP00105,OWN0054,OWN0165,2024-12-15,842079.46,1,744151.22,Pending,2024-12-23
TXN000239,PROP00189,OWN0042,OWN0069,2024-10-19,892275.52,1,772632.07,Pending,2024-10-21
TXN000240,PROP00244,OWN0007,OWN0147,2024-07-13,717751.36,0,0.0,Registered,2024-08-02
TXN000241,PROP00161,OWN0121,OWN0168,2022-05-16,203152.28,0,0.0,Cancelled,2022-06-07
TXN000242,PROP00247,OWN0037,OWN0112,2025-05-14,633611.84,1,378946.37,Cancelled,2025-06-03
TXN000243,PROP00111,OWN0167,OWN0006,2025-05-08,575641.25,1,436491.55,Cancelled,2025-05-23
TXN000244,PROP00127,OWN0179,OWN0014,2022-10-30,461641.92,0,0.0,Registered,2022-11-20
TXN000245,PROP00215,OWN0107,OWN0180,2025-04-02,784667.79,0,0.0,Registered,2025-04-04
TXN000246,PROP00008,OWN0040,OWN0039,2025-08-06,831987.01,0,0.0,Pending,2025-08-12
TXN000247,PROP00105,OWN0162,OWN0069,2022-02-05,842837.26,0,0.0,Registered,2022-02-13
TXN000248,PROP00199,OWN0068,OWN0136,2024-10-06,728402.02,1,347800.67,Registered,2024-10-22
TXN000249,PROP00191,OWN0081,OWN0170,2023-06-21,855387.43,1,409752.09,Pending,2023-07-05
TXN000250,PROP00081,OWN0112,OWN0015,2024-06-01,803665.76,1,656291.56,Cancelled,2024-06-24
TXN000251,PROP00254,OWN0134,OWN0124,2024-04-30,872136.26,1,464037.83,Pending,2024-05-03
TXN000252,PROP00177,OWN0123,OWN9867,2023-12-17,1179961.66,1,989665.06,Registered,2023-12-22
TXN000253,PROP00129,OWN0154,OWN0017,2025-12-19,518341.54,0,0.0,Registered,2026-01-13
TXN000254,PROP00247,OWN0140,OWN0001,2022-12-25,1211963.9,1,745495.07,Pending,2023-01-07
TXN000255,PROP00035,OWN9667,OWN0042,2022-12-02,228503.22,0,0.0,Cancelled,2022-12-09
TXN000256,PROP00168,OWN0138,OWN0134,2023-08-02,960857.95,0,0.0,Pending,2023-08-29
TXN000257,PROP00147,OWN0161,OWN0168,2025-05-26,868124.05,0,0.0,Cancelled,2025-06-15
TXN000258,PROP00013,OWN0088,OWN0169,2024-05-07,1031784.32,1,493414.13,Cancelled,2024-05-25
TXN000259,PROP00243,OWN0133,OWN0017,2024-03-21,-1356428.72,1,-1100940.05,Registered,2024-03-24
TXN000260,PROP00099,OWN0082,OWN0143,2024-05-02,1123926.81,1,705817.52,Pending,2024-05-29
TXN000261,PROP00091,OWN0149,OWN0045,2025-01-31,0.0,0,0.0,Registered,2025-02-23
TXN000262,PROP00166,OWN0173,OWN0023,2023-02-04,1075336.59,0,0.0,Cancelled,2023-02-11
TXN000263,PROP00157,OWN0003,OWN0138,2023-04-08,656950.83,0,0.0,Pending,2023-04-22
TXN000264,PROP00006,,OWN0179,2022-03-17,656528.08,1,325603.22,Registered,2022-04-05
TXN000265,PROP00024,OWN0116,OWN0069,2022-03-18,245937.54,1,217957.49,Registered,2022-03-21
TXN000266,PROP00090,OWN0055,OWN0078,2024-08-15,343426.96,1,159564.94,Cancelled,2024-09-02
TXN000267,PROP00065,OWN0141,OWN0168,2027-01-14,765836.08,0,0.0,Pending,2027-01-17
TXN000268,PROP00030,OWN0094,OWN0007,2022-06-04,700310.84,0,0.0,Pending,2022-06-12
TXN000269,PROP00254,OWN0047,OWN0042,2025-03-18,468791.8,0,0.0,Cancelled,2025-03-20
TXN000270,PROP00022,OWN0169,OWN0032,2023-05-05,459095.35,0,0.0,Registered,2023-05-20
TXN000271,PROP00089,OWN0043,OWN0042,2025-06-27,327082.1,1,187368.5,Cancelled,2025-07-16
TXN000272,PROP00176,OWN0140,OWN0062,2023-08-12,810136.99,0,0.0,Registered,2023-08-23
TXN000273,PROP00029,OWN0085,OWN0142,2022-10-25,370457.35,1,238198.43,Registered,2022-11-08
TXN000274,PROP00047,OWN0007,OWN0081,2023-08-05,887573.66,0,0.0,Cancelled,2023-08-16
TXN000275,PROP00124,OWN0080,OWN0035,2025-01-29,811975.12,1,505314.43,Registered,2025-01-30
TXN000276,PROP00210,OWN0083,OWN0042,2025-12-09,1253471.32,0,0.0,Pending,2025-12-23
TXN000277,PROP00079,OWN0072,OWN0087,2023-09-24,776893.04,1,346171.7,Pending,2023-10-04
TXN000278,PROP00251,OWN0170,OWN0023,2026-01-20,1173001.6,0,0.0,Pending,2026-02-08
TXN000279,PROP00227,OWN0148,OWN0044,2022-07-27,1097542.91,1,692174.08,Cancelled,2022-08-20
TXN000280,PROP00099,OWN0167,OWN0076,2024-12-26,826599.99,1,677245.76,Pending,2025-01-01
TXN000281,PROP00196,OWN0034,OWN0154,2025-08-29,1230121.47,1,663565.01,Cancelled,2025-09-26
TXN000282,PROP00064,OWN0110,OWN0040,2022-02-23,666866.55,0,0.0,Pending,2022-03-16
TXN000283,PROP00027,OWN0056,OWN0084,2022-12-25,862209.47,1,602501.31,Cancelled,2023-01-05
TXN000284,PROP00023,OWN0100,OWN0123,2023-08-28,728881.07,0,0.0,Registered,2023-09-10
TXN000285,PROP00173,OWN0142,OWN0136,2025-08-02,660164.59,1,491429.35,Cancelled,2025-08-05
TXN000286,PROP00022,OWN0105,OWN0162,2024-04-29,525342.6,1,244034.49,Pending,2024-05-09
TXN000287,PROP00216,OWN0032,OWN0123,2022-11-05,557368.79,0,0.0,Pending,2022-11-25
TXN000288,PROP00099,OWN0109,OWN0015,2022-10-09,637883.12,1,566518.12,Pending,2022-11-04
TXN000289,PROP00200,OWN0156,OWN0126,2023-04-24,658202.25,0,0.0,Registered,2023-04-27
TXN000290,PROP00003,OWN0047,OWN0136,2023-09-25,498196.6,0,0.0,Cancelled,2023-09-25
TXN000291,PROP00213,OWN0091,OWN0005,2023-11-06,464269.07,0,0.0,Pending,2023-11-14
TXN000292,PROP00068,OWN0041,OWN0081,2024-02-21,817094.49,1,455202.31,Pending,2024-03-09
TXN000293,PROP00161,OWN0014,OWN0160,2025-09-28,793275.7,0,0.0,Pending,2025-09-29
TXN000294,PROP00232,OWN0039,OWN0101,2023-02-15,394667.04,1,298984.76,Pending,2023-02-27
TXN000295,PROP00182,OWN0151,OWN0088,2024-10-19,629997.86,1,500947.37,Registered,2024-11-05
TXN000296,PROP00125,OWN0106,OWN0135,2025-02-10,363338.35,1,325388.88,Cancelled,2025-02-19
TXN000297,PROP00047,OWN9655,OWN0111,2023-10-25,298868.98,0,0.0,Cancelled,2023-11-21
TXN000298,PROP00244,OWN0054,OWN0156,2025-03-16,1028970.98,0,0.0,Cancelled,2025-03-21
TXN000299,PROP00195,OWN0003,OWN0177,2022-05-31,910898.11,0,0.0,Pending,2022-06-10
TXN000300,PROP00160,OWN0101,OWN0037,2022-05-06,475049.11,1,310125.33,Pending,2022-05-11
TXN000301,PROP00005,OWN0041,OWN0002,2025-11-19,487363.96,0,0.0,Cancelled,2025-11-27
TXN000302,PROP00012,OWN0136,OWN0028,2022-08-28,717395.61,0,0.0,Pending,2022-09-14
TXN000303,PROP00258,OWN0131,OWN0137,2025-09-10,672882.85,1,479349.63,Cancelled,2025-09-29
TXN000304,PROP00023,OWN0171,OWN0086,2026-03-17,682954.57,0,0.0,Pending,2026-04-15
TXN000305,PROP00232,OWN0049,OWN0095,2024-11-05,292662.37,0,0.0,Pending,2024-11-30
TXN000306,PROP00110,OWN0049,OWN0133,2025-01-03,-878257.43,0,0.0,Pending,2025-01-08
TXN000001,PROP00079,OWN0170,OWN0167,2023-01-09,802051.13,0,0.0,Registered,2023-02-07
TXN000308,PROP00140,OWN0019,OWN0151,2022-10-30,740269.96,1,556109.14,Cancelled,2022-11-18
TXN000309,PROP00194,OWN0102,OWN0107,2025-11-08,172559.79,1,154375.03,Pending,2025-12-05
TXN000310,PROP00060,OWN0036,OWN0049,2023-07-20,610856.06,0,0.0,Cancelled,2023-08-10
TXN000311,PROP00113,OWN0084,OWN0044,2023-12-23,1448022.34,0,0.0,Registered,2024-01-05
TXN000312,PROP00126,OWN0016,OWN0058,2022-02-24,218844.5,0,0.0,Cancelled,2022-03-06
TXN000313,PROP00172,OWN0096,OWN0022,2024-12-25,1005831.45,1,682290.6,Registered,2025-01-04
TXN000314,PROP00067,OWN0177,OWN0039,2022-07-03,637266.32,1,354124.89,Pending,2022-07-14
TXN000315,PROP00108,OWN0123,OWN0142,2022-04-16,652836.71,0,0.0,Registered,2022-04-19
TXN000288,PROP00029,OWN0160,OWN0149,2025-02-01,1047999.12,1,834475.33,Cancelled,2025-02-18
TXN000317,PROP00079,,OWN0163,2022-04-01,303219.98,0,0.0,Registered,2022-04-01
TXN000318,PROP00103,OWN0088,OWN0009,2025-12-23,729807.95,1,539287.22,Cancelled,2025-12-24
TXN000319,PROP00016,OWN0017,OWN0088,2023-12-15,777953.78,0,0.0,Cancelled,2023-12-16
TXN000320,PROP00020,OWN0057,OWN0040,2022-05-08,1157774.51,0,0.0,Cancelled,2022-05-23
TXN000321,PROP00188,OWN0108,OWN0122,2023-07-17,690241.7,1,330660.9,Cancelled,2023-07-25
TXN000322,PROP00084,OWN0098,OWN0003,2025-02-14,914480.59,1,414177.75,Pending,2025-02-19
TXN000185,PROP00111,OWN0156,OWN0018,2025-02-26,502371.25,1,417280.12,Registered,2025-03-20
TXN000324,PROP00236,OWN0133,OWN0178,2023-06-07,611219.88,0,0.0,Pending,2023-07-06
TXN000325,PROP00175,OWN0013,OWN0102,2023-06-05,616573.19,1,372339.53,Cancelled,2023-07-04
TXN000326,PROP00110,OWN0066,OWN0003,2023-05-08,834132.89,1,549529.71,Registered,2023-05-28
TXN000327,PROP00258,OWN0109,OWN0122,2025-09-09,455707.24,0,0.0,Registered,2025-09-18
TXN000328,PROP00059,OWN0051,OWN0174,2023-08-20,606230.94,0,0.0,Cancelled,2023-09-18
TXN000329,PROP00120,OWN0176,OWN0038,2023-09-07,664467.26,0,0.0,Registered,2023-09-17
TXN000330,PROP00036,OWN0075,OWN0140,2025-05-10,458995.73,1,355660.03,Registered,2025-05-11
TXN000331,PROP00176,OWN0046,OWN0062,2022-12-01,900961.24,1,499569.29,Registered,2022-12-06
TXN000332,PROP00260,OWN0177,OWN0143,2024-05-10,628004.19,1,406342.14,Pending,2024-06-07
TXN000333,PROP00071,OWN0110,OWN0131,2023-07-25,695349.77,1,444057.46,Cancelled,2023-07-28
TXN000334,PROP00184,OWN0031,OWN0104,2025-09-25,622395.96,0,0.0,Cancelled,2025-10-19
TXN000335,PROP00007,OWN0012,OWN0106,2025-07-30,993138.75,0,0.0,Registered,2025-08-04
TXN000336,PROP00028,OWN0068,OWN0150,2023-02-16,0.0,1,0.0,Cancelled,2023-03-11
TXN000337,PROP00071,OWN0091,OWN0044,2025-01-07,55003.27,0,0.0,Cancelled,2025-02-01
TXN000338,PROP00208,,OWN0176,2025-01-28,-1079615.14,1,-446573.86,Registered,2025-02-04
TXN000207,PROP00024,OWN0097,OWN0100,2024-09-24,641460.54,1,330010.21,Registered,2024-10-09
TXN000340,PROP00007,OWN0070,OWN0159,2023-08-31,644817.26,0,0.0,Pending,2023-09-02
TXN000341,PROP00249,OWN0169,OWN0124,2023-05-04,917536.81,0,0.0,Cancelled,2023-05-30
TXN000342,PROP00083,OWN0177,OWN9069,2023-02-15,452065.97,1,277345.96,Pending,2023-03-10
TXN000343,PROP00060,OWN0016,OWN0143,2023-03-03,340365.28,1,271427.28,Cancelled,2023-03-31
TXN000344,PROP00240,OWN0042,OWN0081,2025-01-23,1275925.36,0,0.0,Cancelled,2025-02-10
TXN000345,PROP00192,,OWN0047,2022-12-19,465357.52,0,0.0,Pending,2022-12-23
TXN000346,PROP105834,OWN0162,OWN0082,2025-12-07,577581.46,1,419282.28,Registered,2026-01-04
TXN000347,PROP00163,OWN0168,OWN0165,2023-03-13,1201221.94,0,0.0,Pending,2023-03-13
TXN000348,PROP00188,OWN0180,OWN0052,2023-01-09,662676.61,0,0.0,Pending,2023-01-31
TXN000349,PROP00114,OWN0060,OWN0123,2025-02-19,1095505.1,0,0.0,Pending,2025-03-16
TXN000350,PROP00234,OWN0095,OWN0011,2022-04-01,824915.81,1,550446.5,Cancelled,2022-04-13
TXN000351,PROP00189,OWN0085,OWN9360,2022-06-23,340211.42,0,0.0,Cancelled,2022-07-04
TXN000352,PROP00084,OWN0127,OWN0175,2023-12-16,562245.3,0,0.0,Pending,2023-12-24
TXN000353,PROP00134,OWN0098,OWN0174,2022-07-16,-919508.06,1,-617803.13,Registered,2022-07-26
TXN000354,PROP00209,OWN0072,OWN0076,2025-09-08,864705.37,1,438341.84,Cancelled,2025-09-29
TXN000355,PROP00053,OWN0059,OWN0168,2022-05-24,854958.39,0,0.0,Pending,2022-05-30
TXN000356,PROP00209,OWN0051,OWN0081,2023-07-01,882693.58,1,788773.76,Pending,2023-07-26
TXN000357,PROP00118,OWN0035,OWN0042,2023-04-19,127540.86,1,54265.7,Cancelled,2023-05-02
TXN000358,PROP00216,OWN0133,OWN0103,2022-02-03,709041.83,1,291077.23,Pending,2022-02-09
TXN000359,PROP00038,OWN0036,OWN0149,2024-09-12,988196.18,1,789278.35,Pending,2024-10-07
TXN000360,PROP00169,OWN0010,OWN0080,2022-02-19,770545.53,0,0.0,Pending,2022-02-21
TXN000361,PROP00024,OWN0160,OWN0003,2025-08-11,519580.4,1,280584.01,Registered,2025-08-20
TXN000362,PROP00243,OWN0068,OWN0165,2023-12-28,939098.67,1,539638.69,Registered,2024-01-08
TXN000363,PROP00196,OWN0065,OWN0069,2023-10-02,941126.67,0,0.0,Registered,2023-10-22
TXN000364,PROP00255,OWN0111,OWN0004,2025-01-07,892409.22,0,0.0,Pending,2025-01-21
TXN000365,PROP00218,OWN0101,OWN0138,2025-11-30,880970.68,0,0.0,Cancelled,2025-12-21
TXN000366,PROP00179,OWN0176,OWN0162,2024-01-16,571132.67,1,463414.72,Cancelled,2024-01-24
TXN000367,PROP00144,OWN0056,OWN0036,2023-10-01,583662.07,1,270975.84,Cancelled,2023-10-28
TXN000368,PROP00207,OWN0076,OWN0161,2024-06-24,623429.21,1,328787.66,Registered,2024-07-23
TXN000369,PROP00001,OWN0046,OWN0050,2022-01-21,958740.46,0,0.0,Cancelled,2022-02-01
TXN000370,PROP00086,OWN0147,OWN0033,2024-11-15,1005679.58,0,0.0,Registered,2024-11-29
TXN000371,PROP00220,OWN0055,OWN0179,2024-06-18,0.0,1,0.0,Cancelled,2024-06-29
TXN000372,PROP00244,OWN0082,OWN0154,2024-06-13,829506.56,0,0.0,Pending,2024-06-27
TXN000373,PROP00027,OWN0131,OWN0053,2024-06-23,566629.4,0,0.0,Pending,2024-07-10
TXN000374,PROP00156,,OWN0003,2026-01-22,616918.87,1,366235.92,Registered,2026-02-15
TXN000375,PROP00148,OWN0089,OWN0128,2023-09-29,559918.64,1,229440.65,Pending,2023-10-04
TXN000376,PROP00141,OWN0148,OWN0048,2024-03-24,497410.05,1,381114.44,Pending,2024-04-12
TXN000377,PROP00009,OWN0031,OWN0136,2025-01-08,1062950.23,0,0.0,Cancelled,2025-01-31
TXN000378,PROP00157,OWN0107,OWN9884,2022-03-30,1161139.85,1,917598.51,Pending,2022-04-26
TXN000379,PROP00214,OWN0178,OWN0141,2023-05-20,881385.34,1,769690.22,Registered,2023-06-13
TXN000380,PROP00187,OWN0159,OWN0048,2024-05-02,-1041224.44,1,-772107.8,Pending,2024-05-22
TXN000381,PROP00048,OWN0049,OWN0086,2025-07-05,233234.31,0,0.0,Pending,2025-07-08
TXN000382,PROP00062,OWN0028,OWN0070,2024-03-15,-355461.53,0,0.0,Registered,2024-04-11
TXN000383,PROP00082,OWN0114,OWN0004,2025-01-14,724615.25,1,617998.34,Cancelled,2025-02-01
TXN000384,PROP00013,OWN0123,OWN0110,2025-08-24,960150.08,0,0.0,Pending,2025-08-24
TXN000385,PROP00083,OWN0001,OWN0135,2023-07-28,773739.42,0,0.0,Registered,2023-08-09
TXN000386,PROP00027,OWN0077,OWN0028,2024-12-25,1000497.08,0,0.0,Cancelled,2025-01-22
TXN000387,PROP00153,OWN0161,OWN0033,2024-11-13,0.0,0,0.0,Pending,2024-11-27
TXN000388,PROP00165,OWN0085,OWN0051,2026-01-07,706364.1,0,0.0,Pending,2026-01-16
TXN000389,PROP00166,OWN0109,OWN0045,2022-03-02,770467.07,0,0.0,Pending,2022-03-22
TXN000390,PROP00202,OWN0041,OWN0057,2023-01-16,687462.15,0,0.0,Registered,2023-01-21
TXN000391,PROP00194,OWN0174,OWN0128,2023-02-03,239553.77,0,0.0,Pending,2023-02-25
TXN000392,PROP00236,OWN0137,OWN0091,2023-03-26,779927.31,1,355407.07,Registered,2023-04-12
TXN000393,PROP00116,OWN0062,OWN0100,2024-04-08,832942.06,1,657750.04,Cancelled,2024-04-14
TXN000394,PROP00168,OWN0036,OWN0039,2023-01-20,550169.84,1,328224.91,Registered,2023-01-21
TXN000395,PROP00091,OWN0027,OWN0137,2022-08-17,1134050.42,1,505711.18,Pending,2022-09-09
TXN000396,PROP00099,OWN0076,OWN0023,2024-05-04,595745.6,1,507223.23,Cancelled,2024-05-28
TXN000112,PROP00145,,OWN0119,2024-10-13,574880.54,0,0.0,Registered,2024-10-16
TXN000398,PROP00140,OWN0028,OWN0026,2023-11-05,600945.66,1,452716.17,Registered,2023-11-11
TXN000399,PROP00008,OWN0105,OWN0026,2022-12-01,960577.89,0,0.0,Registered,2022-12-25
TXN000400,PROP00103,OWN0117,OWN0009,2024-08-20,698839.85,0,0.0,Cancelled,2024-09-13
TXN000401,PROP00006,OWN0116,OWN0017,2025-03-17,676863.44,0,0.0,Cancelled,2025-03-17
TXN000402,PROP00068,OWN0085,OWN0127,2024-05-04,594743.79,0,0.0,Registered,2024-06-02
TXN000403,PROP00087,OWN0015,OWN0106,2022-10-06,1038696.68,0,0.0,Cancelled,2022-10-15
TXN000404,PROP00013,OWN0126,OWN0156,2025-10-11,431909.46,0,0.0,Registered,2025-10-19
TXN000405,PROP00032,OWN0155,OWN0128,2024-05-21,960788.02,0,0.0,Registered,2024-06-10
TXN000406,PROP00023,OWN0150,OWN9907,2022-10-04,615249.65,1,271787.05,Cancelled,2022-10-05
TXN000407,PROP00067,OWN0006,OWN0087,2022-05-11,597770.29,1,304667.27,Pending,2022-05-12
TXN000408,PROP00056,OWN0130,OWN0092,2025-02-23,613387.1,0,0.0,Cancelled,2025-03-23
TXN000409,PROP00105,OWN0148,OWN0023,2024-09-21,1011461.15,0,0.0,Registered,2024-10-03
TXN000410,PROP00128,OWN0007,OWN0015,2024-10-09,888751.99,1,731240.54,Cancelled,2024-10-20
TXN000411,PROP00239,OWN0089,OWN0174,2022-01-08,187928.28,1,96674.68,Registered,2022-02-06
TXN000412,PROP00047,OWN0161,OWN0065,2024-10-28,800971.64,0,0.0,Cancelled,2024-11-05
TXN000413,PROP00243,OWN0079,OWN0077,2024-11-26,710104.37,0,0.0,Registered,2024-11-30
TXN000103,PROP00072,OWN0004,OWN0038,2025-05-06,439565.88,1,373527.74,Pending,2025-05-29
TXN000415,PROP00022,OWN0074,OWN0009,2023-10-29,317040.1,0,0.0,Pending,2023-11-12
TXN000416,PROP00099,OWN0075,OWN0066,2024-01-12,866197.96,1,588720.68,Registered,2024-01-26
TXN000417,PROP00032,OWN0116,OWN0044,2025-03-09,556370.4,0,0.0,Pending,2025-03-15
TXN000418,PROP00099,OWN0125,OWN0074,2023-02-20,717864.11,1,461984.41,Cancelled,2023-03-20
TXN000419,PROP00202,OWN0001,OWN0120,2024-06-06,-661108.64,1,-292045.04,Pending,2024-06-06
TXN000420,PROP00061,OWN0127,OWN0177,2024-01-11,1270734.55,0,0.0,Registered,2024-01-31
TXN000421,PROP00204,OWN0002,OWN0024,2025-11-04,400566.54,0,0.0,Cancelled,2025-11-17
TXN000422,PROP00244,OWN0003,OWN0087,2025-12-31,905180.14,1,1086216.168,Cancelled,2026-01-06
TXN000423,PROP00167,OWN0140,OWN0163,2026-01-23,881603.2,0,0.0,Cancelled,2026-01-30
TXN000424,PROP00080,OWN0131,OWN0020,2022-04-08,939955.89,0,0.0,Cancelled,2022-04-30
TXN000425,PROP00037,OWN0133,OWN0047,2023-06-28,677840.89,1,591943.16,Cancelled,2023-07-16
TXN000426,PROP00167,OWN0113,OWN0071,2024-05-23,723815.02,0,0.0,Cancelled,2024-06-04
TXN000427,PROP00103,OWN0096,OWN0158,2025-04-27,809656.24,1,341752.18,Cancelled,2025-05-04
TXN000428,PROP00081,OWN0041,OWN0099,2023-03-02,714208.95,1,471578.2,Cancelled,2023-03-08
TXN000429,PROP00157,OWN0019,OWN0132,2025-07-31,672561.46,1,495013.01,Pending,2025-08-26
TXN000430,PROP00252,OWN0172,OWN0078,2024-10-24,847169.73,1,504876.82,Cancelled,2024-11-11
TXN000431,PROP00076,OWN0119,OWN0162,2022-02-20,802311.24,1,366644.44,Registered,2022-02-24
TXN000432,PROP00196,OWN0048,OWN0036,2024-11-19,770444.54,1,461404.43,Cancelled,2024-12-06
TXN000433,PROP00086,OWN0125,OWN0170,2023-10-05,1125529.05,1,907158.02,Pending,2023-10-15
TXN000434,PROP00245,OWN0057,OWN0050,2022-08-13,798978.66,0,0.0,Cancelled,2022-08-19
TXN000435,PROP00247,OWN0060,OWN0131,2022-06-15,182392.04,1,159033.81,Pending,2022-07-08
TXN000436,PROP00094,OWN0092,OWN0098,2025-02-02,555583.7,0,0.0,Registered,2025-02-08
TXN000437,PROP00171,OWN0037,OWN0145,2023-07-05,830672.59,0,0.0,Registered,2023-07-30
TXN000438,PROP00236,OWN0120,OWN0171,2026-01-02,880454.82,1,613328.16,Cancelled,2026-01-19
TXN000439,PROP00184,OWN0163,OWN0046,2023-11-10,0.0,0,0.0,Cancelled,2023-11-30
TXN000440,PROP00236,OWN0152,OWN0132,2023-06-01,1067715.59,0,0.0,Cancelled,2023-06-04
TXN000441,PROP00154,OWN0152,OWN0089,2022-05-20,909064.0,0,0.0,Cancelled,2022-06-15
TXN000442,PROP00215,OWN0054,OWN0050,2022-04-06,1045379.78,1,752591.59,Cancelled,2022-04-11
TXN000443,PROP00003,OWN0124,OWN0135,2025-05-27,867975.47,1,568809.58,Pending,2025-06-01
TXN000444,PROP00186,OWN0045,OWN0175,2025-09-17,810930.53,0,0.0,Registered,2025-10-11
TXN000445,PROP00224,OWN0008,OWN0091,2023-12-28,1000089.65,1,674436.9,Pending,2024-01-04
TXN000446,PROP00047,OWN0110,OWN0105,2023-02-05,669173.85,1,396770.83,Cancelled,2023-02-08
TXN000447,PROP00237,OWN0049,OWN0148,2024-04-28,866026.11,1,771908.45,Cancelled,2024-05-16
TXN000448,PROP00081,OWN0085,OWN0155,2024-10-22,628489.25,1,451562.05,Cancelled,2024-11-11
TXN000449,PROP00086,OWN0041,OWN0096,2024-09-07,856516.67,0,0.0,Cancelled,2024-10-06
TXN000450,PROP00107,OWN9963,OWN0151,2024-09-02,694660.63,1,603497.69,Registered,2024-09-25
TXN000451,PROP00121,OWN0112,OWN0073,2023-04-28,612966.21,0,0.0,Registered,2023-05-27
TXN000452,PROP00035,OWN0052,OWN0120,2022-02-21,667417.58,1,548512.32,Cancelled,2022-03-20
TXN000453,PROP00112,OWN0143,OWN0068,2022-08-21,631040.39,1,394177.19,Cancelled,2022-08-29
TXN000454,PROP00061,OWN0084,OWN0151,2022-09-19,622811.32,0,0.0,Cancelled,2022-10-05
TXN000455,PROP00246,OWN0041,OWN0018,2026-03-08,766439.08,1,368632.81,Cancelled,2026-03-18
TXN000456,PROP00046,OWN0100,OWN0127,2023-03-19,883303.88,0,0.0,Pending,2023-04-16
TXN000457,PROP00247,OWN0054,OWN0138,2024-04-05,857423.91,1,640864.19,Cancelled,2024-04-22
TXN000458,PROP00100,OWN0067,OWN0157,2025-01-19,1303848.05,1,526405.06,Registered,2025-01-22
TXN000459,PROP00054,OWN0001,OWN0053,2024-01-27,965721.02,1,768605.25,Pending,2024-02-22
TXN000460,PROP00059,OWN0095,OWN0170,2023-11-21,1187530.03,1,887268.37,Pending,2023-12-02
TXN000461,PROP00218,OWN0030,OWN0165,2025-04-18,597389.47,0,0.0,Registered,2025-04-27
TXN000462,PROP00180,OWN0148,OWN0029,2022-02-04,1098739.1,1,690287.75,Registered,2022-02-19
TXN000463,PROP00061,OWN0172,OWN0152,2024-09-01,545334.89,0,0.0,Pending,2024-09-02
TXN000464,PROP00207,OWN0164,OWN0058,2025-12-04,748586.19,1,366073.21,Pending,2025-12-23
TXN000465,PROP00111,OWN0036,OWN0062,2022-10-22,794873.5,1,953848.2,Pending,2022-11-04
TXN000466,PROP00065,OWN0013,OWN0125,2022-11-24,675027.4,0,0.0,Pending,2022-11-25
TXN000467,PROP00226,OWN0022,OWN0038,2023-01-07,919536.79,1,453694.67,Cancelled,2023-02-01
TXN000468,PROP00118,OWN0139,OWN0147,2023-02-22,820312.8,0,0.0,Cancelled,2023-02-23
TXN000469,PROP00040,OWN0112,OWN0036,2022-10-01,586838.44,1,462685.93,Cancelled,2022-10-23
TXN000470,PROP00115,OWN0029,OWN0109,2024-10-04,0.0,0,0.0,Pending,2024-10-05
TXN000471,PROP00115,OWN0009,OWN0066,2022-09-05,976006.79,0,0.0,Registered,2022-09-23
TXN000472,PROP00059,OWN0105,OWN0174,2023-07-09,-337945.16,1,-141873.98,Cancelled,2023-07-14
TXN000473,PROP00186,OWN0057,OWN0155,2025-01-31,481339.81,1,283602.43,Pending,2025-02-02
TXN000474,PROP00227,OWN0015,OWN0083,2025-01-01,746086.92,0,0.0,Cancelled,2025-01-22
TXN000475,PROP00232,OWN0033,OWN0130,2025-03-14,594267.04,0,0.0,Cancelled,2025-03-18
TXN000476,PROP00137,OWN0152,OWN0070,2022-06-13,957920.42,0,0.0,Registered,2022-07-06
TXN000477,PROP00065,OWN0077,OWN0136,2024-10-15,443088.46,0,0.0,Pending,2024-11-01
TXN000478,PROP00180,OWN0086,OWN0150,2025-04-19,797586.5,1,615872.47,Cancelled,2025-05-15
TXN000479,PROP00154,OWN0013,OWN0109,2024-06-19,674572.92,1,277803.67,Pending,2024-07-16
TXN000480,PROP00133,OWN0058,OWN0121,2024-04-03,630205.2,1,373141.35,Cancelled,2024-04-26
TXN000481,PROP00047,OWN0074,OWN0096,2025-08-12,671195.9,1,459098.32,Pending,2025-08-29
TXN000482,PROP00061,OWN0137,OWN0034,2023-05-09,778585.45,0,0.0,Registered,2023-06-01
TXN000483,PROP00085,OWN0103,OWN0176,2026-01-04,864606.22,1,455308.4,Cancelled,2026-01-27
TXN000484,PROP00212,OWN0014,OWN0128,2024-01-17,624284.5,1,254793.97,Cancelled,2024-02-05
TXN000485,PROP00225,OWN0078,OWN0057,2022-06-29,1112059.05,0,0.0,Cancelled,2022-06-29
TXN000486,PROP00046,OWN0072,OWN0082,2025-03-11,713169.95,0,0.0,Cancelled,2025-04-08
TXN000487,PROP00248,OWN0016,OWN0069,2025-09-29,930968.0,1,481601.53,Pending,2025-10-11
TXN000488,PROP101470,OWN0152,OWN0174,2023-09-01,595817.42,0,0.0,Cancelled,2023-09-11
TXN000489,PROP00068,OWN0037,OWN0057,2023-12-06,330377.12,1,265875.94,Pending,2023-12-31
TXN000490,PROP00092,OWN0116,OWN0141,2024-01-15,793062.41,1,495120.29,Registered,2024-02-04
TXN000491,PROP00012,OWN0098,OWN0127,2023-05-10,0.0,1,0.0,Registered,2023-05-29
TXN000492,PROP00051,OWN0072,OWN0003,2024-01-29,1088698.34,0,0.0,Pending,2024-01-31
TXN000493,PROP00099,OWN0150,OWN0014,2024-01-18,969481.98,1,861269.24,Pending,2024-02-04
TXN000494,PROP00034,OWN0007,OWN0047,2022-09-28,830526.81,1,695009.22,Cancelled,2022-10-12
TXN000495,PROP00086,OWN0035,OWN0128,2025-06-27,838736.76,1,744050.31,Registered,2025-07-17
TXN000496,PROP00011,OWN0050,OWN0001,2024-12-02,829744.77,1,674989.99,Registered,2024-12-12
TXN000497,PROP00018,OWN0177,OWN0056,2025-08-06,424693.02,1,199459.27,Registered,2025-08-16
TXN000498,PROP00058,OWN0130,OWN0118,2022-04-09,856711.95,1,700883.89,Registered,2022-04-15
TXN000499,PROP00219,OWN0080,OWN0032,2023-07-09,410729.28,1,303027.95,Registered,2023-07-27
TXN000500,PROP00134,OWN0168,OWN0153,2024-09-22,1083305.3,0,0.0,Cancelled,2024-10-17
TXN000501,PROP00150,OWN0015,OWN0158,2022-02-06,598721.61,0,0.0,Pending,2022-02-08
TXN000502,PROP00090,OWN0009,OWN0129,2022-09-13,1177188.06,1,900001.9,Registered,2022-09-27
TXN000503,PROP00066,OWN0124,OWN0127,2023-07-27,349106.6,1,247621.59,Cancelled,2023-08-03
TXN000504,PROP00184,OWN0050,OWN0155,2022-11-11,678668.29,1,413926.52,Registered,2022-11-30
TXN000505,PROP00130,OWN0126,OWN0148,2024-01-14,540533.13,1,410291.61,Registered,2024-01-15
TXN000506,PROP00172,OWN0122,OWN0061,2025-01-21,1011830.35,1,610901.52,Registered,2025-02-03
TXN000507,PROP00124,OWN0011,OWN0125,2024-05-17,182576.4,0,0.0,Registered,2024-05-29
TXN000508,PROP00226,OWN0079,OWN0019,2024-07-08,643275.39,1,574138.04,Cancelled,2024-07-20
TXN000509,PROP00012,OWN0097,OWN0009,2024-09-15,770475.43,0,0.0,Registered,2024-10-07
TXN000510,PROP00237,OWN0147,OWN0032,2025-10-25,603427.32,0,0.0,Registered,2025-11-06
TXN000511,PROP00195,OWN9134,OWN0158,2024-12-20,1028586.32,1,583012.81,Pending,2024-12-24
TXN000512,PROP00236,OWN0012,OWN0002,2026-02-04,556814.17,0,0.0,Registered,2026-02-14
TXN000513,PROP00084,OWN0141,OWN0098,2025-12-15,899013.8,0,0.0,Pending,2025-12-26
TXN000514,PROP00189,OWN0067,OWN0083,2025-05-27,865962.04,0,0.0,Pending,2025-06-14
TXN000515,PROP00223,OWN0115,OWN0017,2025-01-06,635433.98,1,274629.84,Pending,2025-01-31
TXN000516,PROP00160,OWN0045,OWN0121,2024-06-20,958701.31,0,0.0,Registered,2024-06-25
TXN000517,PROP00034,OWN0061,OWN0160,2025-08-01,584397.75,1,348391.2,Pending,2025-08-04
TXN000518,PROP00258,OWN0129,OWN0022,2024-03-28,-406180.45,1,-292944.77,Cancelled,2024-04-22
TXN000519,PROP00156,OWN0014,OWN0064,2024-05-07,504837.26,0,0.0,Pending,2024-05-16
TXN000520,PROP00204,OWN0159,OWN0046,2023-10-16,493003.68,1,359074.46,Registered,2023-10-17
TXN000521,PROP00075,OWN0056,OWN9577,2022-01-23,874741.08,0,0.0,Cancelled,2022-02-09
TXN000522,PROP00015,OWN0069,OWN0158,2025-03-11,855393.08,1,372044.82,Registered,2025-03-11
TXN000523,PROP00238,OWN0008,OWN0092,2022-11-06,829898.96,1,733912.1,Cancelled,2022-12-02
TXN000524,PROP00251,OWN0003,OWN0097,2022-09-20,622719.29,0,0.0,Cancelled,2022-09-30
TXN000525,PROP00035,,OWN0080,2022-11-01,625044.48,0,0.0,Pending,2022-11-21
TXN000526,PROP00057,OWN0150,OWN0023,2024-09-24,578533.43,0,0.0,Registered,2024-10-13
TXN000527,PROP00144,OWN0138,OWN0037,2023-01-06,786757.26,1,328190.18,Pending,2023-01-14
TXN000528,PROP00204,OWN0025,OWN0171,2025-02-16,1032527.09,0,0.0,Pending,2025-03-05
TXN000529,PROP00119,OWN0037,OWN0094,2025-02-05,519625.07,1,348847.39,Registered,2025-02-16
TXN000530,PROP00021,OWN0043,OWN0119,2022-02-24,677102.14,1,567831.15,Registered,2022-03-01
TXN000531,PROP00094,OWN0125,OWN0038,2026-01-03,883743.27,0,0.0,Pending,2026-01-30
TXN000532,PROP00067,OWN0055,OWN0162,2025-11-21,353044.46,0,0.0,Pending,2025-12-20
TXN000533,PROP00038,OWN0170,OWN0013,2024-02-06,1006952.87,1,441485.52,Registered,2024-02-18
TXN000534,PROP00122,OWN0068,OWN0138,2024-11-03,918736.8,0,0.0,Pending,2024-11-08
TXN000535,PROP00138,OWN0167,OWN0143,2023-01-11,690393.66,1,492779.47,Cancelled,2023-02-08
TXN000536,PROP00164,OWN0023,OWN0176,2024-01-17,657418.04,0,0.0,Pending,2024-02-14
TXN000537,PROP00250,OWN0077,OWN0014,2022-02-10,1156129.03,1,866265.48,Registered,2022-02-27
TXN000538,PROP00062,OWN0127,OWN0132,2022-06-22,799202.87,0,0.0,Registered,2022-06-28
TXN000539,PROP00102,OWN0112,OWN0169,2024-07-27,827962.38,1,504115.57,Cancelled,2024-07-29
TXN000540,PROP00158,OWN0012,OWN0011,2024-02-12,182143.99,1,102556.16,Cancelled,2024-03-07
TXN000541,PROP00114,OWN0092,OWN0002,2024-12-22,1235128.5,1,828118.84,Cancelled,2024-12-28
TXN000542,PROP00011,OWN0037,OWN0008,2024-08-28,639853.46,0,0.0,Cancelled,2024-09-25
TXN000543,PROP00157,,OWN0061,2023-08-10,949854.65,1,712729.41,Pending,2023-09-07
TXN000544,PROP00043,OWN0051,OWN0070,2024-09-18,459575.21,0,0.0,Pending,2024-10-11
TXN000545,PROP00031,OWN0125,OWN0084,2022-02-13,416236.3,1,343336.64,Cancelled,2022-02-28
TXN000546,PROP00096,OWN0045,OWN0004,2023-06-24,487607.97,1,213584.86,Cancelled,2023-07-16
TXN000547,PROP00025,OWN0130,OWN0165,2025-10-17,489676.08,0,0.0,Pending,2025-10-30
TXN000548,PROP00147,OWN0038,OWN0043,2023-12-08,0.0,0,0.0,Pending,2024-01-02
TXN000549,PROP00155,OWN0074,OWN0037,2022-10-06,763853.59,1,330293.23,Registered,2022-10-06
TXN000550,PROP108084,OWN0145,OWN0123,2024-01-22,857815.39,0,0.0,Cancelled,2024-02-10
TXN000551,PROP00184,OWN9086,OWN0014,2023-04-07,998541.34,0,0.0,Pending,2023-04-25
TXN000552,PROP00152,OWN0146,OWN0095,2024-08-22,801022.44,1,584551.09,Cancelled,2024-08-22
TXN000553,PROP00115,OWN0039,OWN0111,2022-12-26,659931.79,1,270632.89,Pending,2023-01-23
TXN000554,PROP00066,OWN0009,OWN0096,2024-02-26,887332.2,1,465885.5,Pending,2024-03-09
TXN000555,PROP00069,OWN0149,OWN0172,2022-12-31,875763.13,0,0.0,Pending,2023-01-19
TXN000556,PROP00073,OWN0036,OWN0177,2024-09-18,1050520.07,1,483677.63,Pending,2024-10-04
TXN000557,PROP00201,,OWN0035,2022-09-23,894918.32,0,0.0,Pending,2022-10-13
TXN000558,PROP00227,OWN0033,OWN0179,2022-03-26,704544.57,0,0.0,Cancelled,2022-04-18
TXN000559,PROP00135,OWN0022,OWN0125,2023-12-02,597274.9,1,374810.14,Registered,2023-12-03
TXN000560,PROP00033,OWN0069,OWN9709,2024-02-05,374964.91,0,0.0,Cancelled,2024-03-04
TXN000561,PROP00185,OWN0176,OWN0038,2022-11-12,734173.43,0,0.0,Registered,2022-11-26
TXN000562,PROP00102,OWN0019,OWN0069,2024-09-15,857648.07,1,1029177.6839999999,Registered,2024-09-24
TXN000563,PROP00030,OWN0018,OWN0112,2024-10-07,426066.36,0,0.0,Pending,2024-11-01
TXN000564,PROP00046,OWN0095,OWN0007,2024-08-27,113057.13,0,0.0,Cancelled,2024-08-27
TXN000565,PROP00182,OWN0105,OWN0020,2024-03-26,967833.27,0,0.0,Registered,2024-04-13
TXN000566,PROP00147,OWN0075,OWN0095,2025-11-02,364219.06,0,0.0,Pending,2025-11-28
TXN000567,PROP00183,OWN0023,OWN0024,2023-09-12,870564.41,0,0.0,Pending,2023-10-02
TXN000568,PROP00167,OWN0136,OWN0061,2022-06-19,1085852.9,0,0.0,Pending,2022-06-27
TXN000569,PROP00157,OWN0026,OWN0018,2025-09-16,663411.77,0,0.0,Cancelled,2025-10-15
TXN000570,PROP00080,OWN0057,OWN0083,2022-04-11,580357.61,0,0.0,Pending,2022-04-24
TXN000571,PROP00010,OWN9975,OWN0077,2025-07-27,1454715.01,1,826787.75,Pending,2025-08-17
TXN000572,PROP00108,OWN0072,OWN0173,2025-06-14,652157.0,1,532169.65,Cancelled,2025-06-30
TXN000573,PROP00258,OWN0156,OWN0045,2024-12-30,1006563.07,1,765354.52,Cancelled,2025-01-03
TXN000574,PROP00102,OWN0135,OWN0142,2022-04-28,881848.08,1,765113.24,Registered,2022-05-13
TXN000575,PROP00109,OWN0075,OWN0157,2023-02-03,911355.87,0,0.0,Pending,2023-02-28
TXN000576,PROP00183,OWN0035,OWN0082,2023-06-07,820583.06,1,984699.672,Pending,2023-07-03
TXN000577,PROP00045,OWN0065,OWN0020,2026-10-22,865677.57,0,0.0,Cancelled,2026-10-22
TXN000578,PROP00177,,OWN0112,2025-11-28,370093.14,0,0.0,Registered,2025-12-22
TXN000579,PROP00123,OWN0113,OWN0040,2025-12-11,739194.73,0,0.0,Cancelled,2025-12-27
TXN000580,PROP00217,OWN0034,OWN0064,2024-02-11,715658.36,0,0.0,Registered,2024-03-06
TXN000581,PROP00100,OWN0151,OWN0175,2025-07-21,228873.67,1,203121.64,Cancelled,2025-08-19
TXN000582,PROP00065,OWN0149,OWN0004,2023-10-19,253880.62,1,102885.99,Registered,2023-10-27
TXN000069,PROP00130,OWN0036,OWN0101,2023-11-07,525253.53,1,242619.62,Registered,2023-12-05
TXN000584,PROP00136,OWN0057,OWN0041,2026-03-22,813872.26,0,0.0,Registered,2026-04-17
TXN000585,PROP00080,,OWN0092,2025-10-13,466029.46,1,268281.02,Cancelled,2025-10-15
TXN000586,PROP00243,OWN0044,OWN0127,2025-03-29,720123.5,1,609506.35,Pending,2025-04-26
TXN000587,PROP00006,OWN0178,OWN0175,2025-08-24,375691.92,1,264789.8,Registered,2025-09-04
TXN000179,PROP00222,OWN0091,OWN0150,2024-07-16,1170715.99,0,0.0,Registered,2024-07-27
TXN000589,PROP00071,OWN0015,OWN0067,2024-08-16,653354.55,0,0.0,Cancelled,2024-09-06
TXN000590,PROP00129,,OWN9358,2026-11-13,449788.34,1,336995.47,Registered,2026-12-01
TXN000591,PROP00027,OWN0131,OWN0115,2023-11-28,901056.22,1,484370.46,Registered,2023-12-13
TXN000592,PROP00015,OWN0049,OWN0099,2022-09-23,737056.04,0,0.0,Cancelled,2022-10-18
TXN000593,PROP00138,OWN0116,OWN0112,2022-09-20,769328.81,0,0.0,Cancelled,2022-09-29
TXN000594,PROP00143,OWN0030,OWN0058,2022-12-15,534457.27,1,399912.28,Registered,2022-12-23
TXN000595,PROP00218,OWN0036,OWN0102,2022-12-16,851120.21,1,425357.97,Pending,2023-01-10
TXN000596,PROP00043,OWN0177,OWN0180,2024-01-19,504141.27,0,0.0,Pending,2024-01-27
TXN000597,PROP00105,OWN0062,OWN0104,2022-07-22,899156.24,1,419055.08,Registered,2022-08-06
TXN000598,PROP116145,OWN0159,OWN0171,2025-09-12,755129.93,1,521197.71,Pending,2025-10-03
TXN000599,PROP00080,OWN0050,OWN0092,2023-12-12,0.0,0,0.0,Registered,2023-12-17
TXN000600,PROP00183,OWN0065,OWN9715,2023-12-04,224621.02,1,182894.59,Registered,2023-12-20
TXN000601,PROP00195,OWN0155,OWN0002,2025-01-18,828154.61,0,0.0,Registered,2025-02-10
TXN000602,PROP00014,OWN0104,OWN0059,2025-04-20,1040595.67,1,793932.89,Registered,2025-04-20
TXN000603,PROP00201,,OWN0100,2024-02-22,770700.02,0,0.0,Registered,2024-03-14
TXN000604,PROP00107,OWN0109,OWN0072,2024-10-21,775871.72,1,622616.42,Pending,2024-11-09
TXN000605,PROP00106,OWN0119,OWN0143,2025-02-05,469642.39,0,0.0,Registered,2025-02-20
TXN000606,PROP00253,OWN0114,OWN9964,2022-03-17,598086.14,0,0.0,Cancelled,2022-03-29
TXN000607,PROP00222,OWN0118,OWN9783,2025-02-10,717628.68,0,0.0,Registered,2025-02-18
TXN000608,PROP00238,OWN0072,OWN0116,2023-09-24,422455.01,0,0.0,Pending,2023-10-21
TXN000609,PROP00182,OWN0139,OWN0148,2023-09-06,294943.24,0,0.0,Cancelled,2023-09-11
TXN000610,PROP00076,OWN0173,OWN0065,2022-01-25,706811.99,1,485318.95,Cancelled,2022-02-02
TXN000611,PROP00163,OWN0148,OWN0034,2023-08-21,770780.1,0,0.0,Cancelled,2023-09-13
TXN000612,PROP00119,OWN0019,OWN0147,2022-04-15,363409.7,1,207898.75,Pending,2022-05-02
TXN000613,PROP00021,OWN0128,OWN0147,2026-04-05,867377.88,0,0.0,Registered,2026-04-17
TXN000614,PROP00226,OWN0146,OWN0170,2023-11-11,1014053.35,0,0.0,Registered,2023-12-09
TXN000615,PROP00140,OWN0145,OWN0166,2025-09-06,1057270.2,0,0.0,Pending,2025-09-13
TXN000616,PROP00136,OWN0080,OWN0133,2024-10-31,620169.09,0,0.0,Pending,2024-11-08
TXN000617,PROP00190,OWN0170,OWN0124,2022-08-29,608269.59,1,265530.11,Cancelled,2022-09-21
TXN000618,PROP00017,OWN0172,OWN0111,2024-02-17,629442.23,0,0.0,Pending,2024-03-03
TXN000619,PROP00164,OWN0149,OWN0171,2025-01-12,653599.53,1,427853.96,Pending,2025-01-14
TXN000620,PROP00120,OWN0076,OWN0166,2025-12-29,593434.41,1,304961.82,Cancelled,2026-01-05
TXN000621,PROP00107,OWN0030,OWN0023,2025-12-02,987209.74,0,0.0,Registered,2025-12-30
TXN000622,PROP00103,OWN0038,OWN0007,2022-01-13,824078.89,0,0.0,Registered,2022-02-05
TXN000623,PROP00213,OWN0072,OWN0022,2024-01-15,1228167.64,1,880856.34,Pending,2024-02-04
TXN000624,PROP00248,OWN0036,OWN0104,2024-04-13,588119.66,1,475293.95,Pending,2024-05-02
TXN000625,PROP00074,OWN0095,OWN0128,2023-10-29,798435.43,0,0.0,Registered,2023-11-08
TXN000626,PROP00150,OWN0163,OWN0105,2024-09-06,875202.64,0,0.0,Pending,2024-09-09
TXN000627,PROP00195,OWN0069,OWN0137,2023-11-20,985335.71,1,737953.84,Cancelled,2023-12-14
TXN000628,PROP00091,OWN0051,OWN0092,2023-12-22,514223.97,0,0.0,Registered,2024-01-02
TXN000629,PROP00178,OWN0114,OWN0041,2024-05-21,586775.94,1,433502.87,Registered,2024-06-19
TXN000630,PROP00212,OWN0084,OWN0148,2022-09-21,652714.2,0,0.0,Cancelled,2022-10-17
TXN000631,PROP00055,OWN0121,OWN0007,2024-05-06,791903.22,1,418937.77,Registered,2024-05-07
TXN000632,PROP00150,OWN0146,OWN0139,2026-01-19,872751.71,1,534466.73,Registered,2026-02-03
TXN000633,PROP00116,OWN0176,OWN0083,2024-10-18,1049896.58,0,0.0,Registered,2024-10-29
TXN000634,PROP00251,OWN0004,OWN0129,2023-11-01,759576.72,1,360619.31,Pending,2023-11-10
TXN000635,PROP00091,OWN0155,OWN0122,2025-01-21,755046.86,1,353794.02,Pending,2025-01-21
TXN000636,PROP00030,OWN0143,OWN0119,2023-02-12,459946.91,1,241367.22,Cancelled,2023-03-12
TXN000637,PROP00117,OWN0082,OWN0056,2024-12-21,576103.39,0,0.0,Cancelled,2024-12-30
TXN000638,PROP00009,OWN0139,OWN0010,2025-01-23,894458.26,1,593199.39,Pending,2025-01-31
TXN000639,PROP00012,OWN0162,OWN0048,2022-03-05,1119027.45,1,881489.1,Cancelled,2022-03-28
TXN000640,PROP00003,OWN0112,OWN0124,2025-09-20,680141.03,1,576751.64,Cancelled,2025-09-23
TXN000641,PROP00116,OWN0146,OWN0101,2024-12-06,654251.6,0,0.0,Pending,2024-12-14
TXN000642,PROP00170,OWN0057,OWN0040,2023-11-14,1002421.6,1,791648.42,Cancelled,2023-12-10
TXN000643,PROP00108,OWN0087,OWN0051,2025-09-04,724290.46,1,457695.93,Pending,2025-09-14
TXN000644,PROP00063,,OWN0083,2025-12-27,557366.95,0,0.0,Pending,2026-01-03
TXN000645,PROP00094,OWN0102,OWN0114,2025-10-25,798575.5,0,0.0,Cancelled,2025-10-28
TXN000646,PROP00209,OWN0008,OWN0178,2024-07-24,541684.8,1,286512.02,Registered,2024-08-20
TXN000647,PROP00113,OWN0166,OWN0135,2023-08-07,721712.4,1,452736.62,Cancelled,2023-08-26
TXN000648,PROP00024,OWN0162,OWN0085,2022-01-04,978379.45,1,662880.25,Registered,2022-01-31
TXN000649,PROP00016,OWN0139,OWN0024,2025-05-22,702651.98,0,0.0,Registered,2025-06-09
TXN000650,PROP00128,OWN0176,OWN0089,2023-08-24,1020336.78,0,0.0,Pending,2023-09-14
TXN000187,PROP00078,OWN0058,OWN0159,2024-07-10,821389.59,0,0.0,Cancelled,2024-07-20
TXN000469,PROP00040,OWN0112,OWN0036,2022-10-01,586838.44,1,462685.93,Cancelled,2022-10-23
TXN000336,PROP00028,OWN0068,OWN0150,2023-02-16,0.0,1,0.0,Cancelled,2023-03-11
TXN000509,PROP00012,OWN0097,OWN0009,2024-09-15,770475.43,0,0.0,Registered,2024-10-07
TXN000591,PROP00027,OWN0131,OWN0115,2023-11-28,901056.22,1,484370.46,Registered,2023-12-13
TXN000647,PROP00113,OWN0166,OWN0135,2023-08-07,721712.4,1,452736.62,Cancelled,2023-08-26
TXN000169,PROP00034,OWN0025,OWN0054,2024-04-11,1462943.0,0,0.0,Pending,2024-04-14
TXN000058,PROP00020,OWN0107,OWN0093,2023-03-02,591471.61,1,403082.65,Registered,2023-03-15
